                             Datetime,open,high,low,close,volume,Interval,currency,exchange_timezone,exchange
24-08-2021 15:49,149.61,149.62,149.60001,149.60001,155203,1min,USD,America/New_York,Common Stock
24-08-2021 15:48,149.67,149.67,149.63,149.63,91085,1min,USD,America/New_York,Common Stock
24-08-2021 15:47,149.64,149.66,149.63,149.66,70493,1min,USD,America/New_York,Common Stock
24-08-2021 15:46,149.67,149.67,149.64,149.64,51117,1min,USD,America/New_York,Common Stock
24-08-2021 15:45,149.62,149.67,149.62,149.67,95293,1min,USD,America/New_York,Common Stock
24-08-2021 15:44,149.66,149.67,149.63,149.63,89569,1min,USD,America/New_York,Common Stock
24-08-2021 15:43,149.62579,149.66991,149.62,149.66,242661,1min,USD,America/New_York,Common Stock
24-08-2021 15:42,149.627,149.64999,149.62,149.63,68354,1min,USD,America/New_York,Common Stock
24-08-2021 15:41,149.645,149.645,149.61501,149.62781,41451,1min,USD,America/New_York,Common Stock
24-08-2021 15:40,149.655,149.67,149.61,149.645,113950,1min,USD,America/New_York,Common Stock
24-08-2021 15:39,149.67999,149.69,149.64,149.66,91875,1min,USD,America/New_York,Common Stock
24-08-2021 15:38,149.71001,149.72,149.67,149.67751,56630,1min,USD,America/New_York,Common Stock
24-08-2021 15:37,149.745,149.745,149.67,149.71001,90219,1min,USD,America/New_York,Common Stock
24-08-2021 15:36,149.73,149.75,149.72,149.7401,41988,1min,USD,America/New_York,Common Stock
24-08-2021 15:35,149.7301,149.7399,149.72,149.72,0,1min,USD,America/New_York,Common Stock
24-08-2021 15:34,149.75999,149.765,149.72,149.73,107865,1min,USD,America/New_York,Common Stock
24-08-2021 15:33,149.7914,149.7914,149.7547,149.7644,84856,1min,USD,America/New_York,Common Stock
24-08-2021 15:32,149.785,149.81,149.78,149.795,60696,1min,USD,America/New_York,Common Stock
24-08-2021 15:31,149.75,149.78999,149.75,149.78999,63511,1min,USD,America/New_York,Common Stock
24-08-2021 15:30,149.7968,149.81,149.735,149.7502,82895,1min,USD,America/New_York,Common Stock
24-08-2021 15:55,149.5,149.66,149.49001,149.61,0,5min,USD,America/New_York,Common Stock
24-08-2021 15:50,149.60001,149.62,149.46001,149.47,0,5min,USD,America/New_York,Common Stock
24-08-2021 15:45,149.62,149.67,149.60001,149.60001,463191,5min,USD,America/New_York,Common Stock
24-08-2021 15:40,149.655,149.67,149.61,149.63,555985,5min,USD,America/New_York,Common Stock
24-08-2021 15:35,149.7301,149.75,149.64,149.66,280712,5min,USD,America/New_York,Common Stock
24-08-2021 15:30,149.7968,149.81,149.72,149.73,399823,5min,USD,America/New_York,Common Stock
24-08-2021 15:25,149.89011,149.905,149.73,149.8,350165,5min,USD,America/New_York,Common Stock
24-08-2021 15:20,149.826,149.89999,149.75999,149.899,430867,5min,USD,America/New_York,Common Stock
24-08-2021 15:15,149.75,149.8399,149.71001,149.8287,268290,5min,USD,America/New_York,Common Stock
24-08-2021 15:10,149.735,149.7999,149.72009,149.75,284128,5min,USD,America/New_York,Common Stock
24-08-2021 15:05,149.799,149.815,149.71001,149.735,293476,5min,USD,America/New_York,Common Stock
24-08-2021 15:00,149.75,149.86,149.72,149.795,459078,5min,USD,America/New_York,Common Stock
24-08-2021 14:55,149.69501,149.77,149.6725,149.74001,350990,5min,USD,America/New_York,Common Stock
24-08-2021 14:50,149.6299,149.7,149.57001,149.7,291872,5min,USD,America/New_York,Common Stock
24-08-2021 14:45,149.61501,149.62,149.57001,149.61501,209842,5min,USD,America/New_York,Common Stock
24-08-2021 14:40,149.5768,149.6299,149.52,149.61501,338680,5min,USD,America/New_York,Common Stock
24-08-2021 14:35,149.655,149.66499,149.55,149.5799,254640,5min,USD,America/New_York,Common Stock
24-08-2021 14:30,149.52,149.67999,149.5,149.655,302691,5min,USD,America/New_York,Common Stock
24-08-2021 14:25,149.5808,149.60001,149.515,149.52901,186163,5min,USD,America/New_York,Common Stock
24-08-2021 14:20,149.64,149.64999,149.52499,149.58,225446,5min,USD,America/New_York,Common Stock
24-08-2021 14:15,149.5672,149.64999,149.50011,149.642,390942,5min,USD,America/New_York,Common Stock
24-08-2021 14:10,149.545,149.62,149.543,149.56,230143,5min,USD,America/New_York,Common Stock
24-08-2021 14:05,149.60001,149.63,149.53999,149.55499,320251,5min,USD,America/New_York,Common Stock
24-08-2021 14:00,149.64999,149.66,149.59,149.61501,232897,5min,USD,America/New_York,Common Stock
24-08-2021 13:55,149.75999,149.81,149.62041,149.649,341857,5min,USD,America/New_York,Common Stock
24-08-2021 13:50,149.61,149.76199,149.58501,149.75999,289123,5min,USD,America/New_York,Common Stock
24-08-2021 13:45,149.61,149.6378,149.57001,149.60001,220015,5min,USD,America/New_York,Common Stock
24-08-2021 13:40,149.55499,149.64999,149.545,149.61,280889,5min,USD,America/New_York,Common Stock
24-08-2021 13:35,149.55,149.60001,149.52,149.55499,202440,5min,USD,America/New_York,Common Stock
24-08-2021 13:30,149.61861,149.65739,149.55,149.56,353789,5min,USD,America/New_York,Common Stock
25-08-2021 12:39,148.37199,148.41,148.35091,148.405,81156,1min,USD,America/New_York,Common Stock
25-08-2021 12:38,148.3773,148.39999,148.3582,148.375,80231,1min,USD,America/New_York,Common Stock
25-08-2021 12:37,148.41499,148.44,148.35001,148.3699,84869,1min,USD,America/New_York,Common Stock
25-08-2021 12:36,148.3307,148.425,148.27,148.41991,167064,1min,USD,America/New_York,Common Stock
25-08-2021 12:35,148.36,148.38,148.33839,148.34,84633,1min,USD,America/New_York,Common Stock
25-08-2021 12:34,148.33791,148.38989,148.33009,148.35989,104352,1min,USD,America/New_York,Common Stock
25-08-2021 12:33,148.27,148.34,148.27,148.33501,109845,1min,USD,America/New_York,Common Stock
25-08-2021 12:32,148.27,148.2717,148.245,148.27,74000,1min,USD,America/New_York,Common Stock
25-08-2021 12:31,148.25861,148.298,148.25011,148.2701,66203,1min,USD,America/New_York,Common Stock
25-08-2021 12:30,148.2301,148.27991,148.21001,148.25011,98703,1min,USD,America/New_York,Common Stock
25-08-2021 12:29,148.23,148.25,148.22009,148.2397,82726,1min,USD,America/New_York,Common Stock
25-08-2021 12:28,148.13831,148.23,148.13499,148.22501,90047,1min,USD,America/New_York,Common Stock
25-08-2021 12:27,148.14999,148.155,148.1115,148.13789,59174,1min,USD,America/New_York,Common Stock
25-08-2021 12:26,148.185,148.185,148.1219,148.145,54836,1min,USD,America/New_York,Common Stock
25-08-2021 12:25,148.155,148.21001,148.13,148.1801,80081,1min,USD,America/New_York,Common Stock
25-08-2021 12:24,148.12,148.158,148.11501,148.1577,57546,1min,USD,America/New_York,Common Stock
25-08-2021 12:23,148.155,148.16,148.11,148.11,91702,1min,USD,America/New_York,Common Stock
25-08-2021 12:22,148.145,148.15691,148.13,148.15691,67566,1min,USD,America/New_York,Common Stock
25-08-2021 12:21,148.18179,148.18719,148.14999,148.14999,96686,1min,USD,America/New_York,Common Stock
25-08-2021 12:20,148.16499,148.2,148.1532,148.175,102433,1min,USD,America/New_York,Common Stock
25-08-2021 12:19,148.13,148.16991,148.1022,148.16991,72513,1min,USD,America/New_York,Common Stock
25-08-2021 12:18,148.11,148.13499,148.1001,148.12,73540,1min,USD,America/New_York,Common Stock
25-08-2021 12:17,148.145,148.14999,148.08009,148.11,95788,1min,USD,America/New_York,Common Stock
25-08-2021 12:16,148.14,148.2,148.13499,148.14,163187,1min,USD,America/New_York,Common Stock
25-08-2021 12:15,148.12,148.14999,148.07001,148.14999,143119,1min,USD,America/New_York,Common Stock
25-08-2021 12:14,148.20399,148.205,148.08,148.12,254365,1min,USD,America/New_York,Common Stock
25-08-2021 12:13,148.28999,148.28999,148.1825,148.2007,134525,1min,USD,America/New_York,Common Stock
25-08-2021 12:12,148.32001,148.32001,148.25999,148.2897,86431,1min,USD,America/New_York,Common Stock
25-08-2021 12:11,148.315,148.33,148.30499,148.315,113561,1min,USD,America/New_York,Common Stock
25-08-2021 12:10,148.28999,148.315,148.28,148.31,81640,1min,USD,America/New_York,Common Stock
25-08-2021 12:40,148.405,148.41,148.28999,148.31,151793,5min,USD,America/New_York,Common Stock
25-08-2021 12:35,148.36,148.44,148.27,148.405,497953,5min,USD,America/New_York,Common Stock
25-08-2021 12:30,148.2301,148.38989,148.21001,148.35989,453103,5min,USD,America/New_York,Common Stock
25-08-2021 12:25,148.155,148.25,148.1115,148.2397,366864,5min,USD,America/New_York,Common Stock
25-08-2021 12:20,148.16499,148.2,148.11,148.1577,415933,5min,USD,America/New_York,Common Stock
25-08-2021 12:15,148.12,148.2,148.07001,148.16991,548147,5min,USD,America/New_York,Common Stock
25-08-2021 12:10,148.28999,148.33,148.08,148.12,670522,5min,USD,America/New_York,Common Stock
25-08-2021 12:05,148.265,148.3,148.2,148.28999,398678,5min,USD,America/New_York,Common Stock
25-08-2021 12:00,148.255,148.2899,148.14999,148.2601,558930,5min,USD,America/New_York,Common Stock
25-08-2021 11:55,148.3,148.35001,148.25,148.2569,396308,5min,USD,America/New_York,Common Stock
25-08-2021 11:50,148.31821,148.39,148.3,148.31,342885,5min,USD,America/New_York,Common Stock
25-08-2021 11:45,148.345,148.37,148.215,148.3125,428043,5min,USD,America/New_York,Common Stock
25-08-2021 11:40,148.21001,148.41,148.17999,148.3457,638900,5min,USD,America/New_York,Common Stock
25-08-2021 11:35,148.41991,148.41991,148.19,148.19501,579800,5min,USD,America/New_York,Common Stock
25-08-2021 11:30,148.5,148.548,148.37,148.4109,394614,5min,USD,America/New_York,Common Stock
25-08-2021 11:25,148.3719,148.57001,148.33,148.505,559625,5min,USD,America/New_York,Common Stock
25-08-2021 11:20,148.5901,148.60001,148.34,148.375,577085,5min,USD,America/New_York,Common Stock
25-08-2021 11:15,148.5901,148.715,148.53011,148.5983,554762,5min,USD,America/New_York,Common Stock
25-08-2021 11:10,148.53999,148.62,148.42,148.59,551476,5min,USD,America/New_York,Common Stock
25-08-2021 11:05,148.57001,148.64999,148.42999,148.53999,645882,5min,USD,America/New_York,Common Stock
25-08-2021 11:00,148.39999,148.64,148.39,148.58501,676816,5min,USD,America/New_York,Common Stock
25-08-2021 10:55,148.565,148.6563,148.32001,148.395,1084967,5min,USD,America/New_York,Common Stock
25-08-2021 10:50,148.21001,148.57001,148.17,148.569,1184559,5min,USD,America/New_York,Common Stock
25-08-2021 10:45,148.28,148.30499,148.1205,148.2084,904085,5min,USD,America/New_York,Common Stock
25-08-2021 10:40,148.47,148.4781,148.16499,148.2886,1207293,5min,USD,America/New_York,Common Stock
25-08-2021 10:35,148.59,148.63499,148.39,148.47,845467,5min,USD,America/New_York,Common Stock
25-08-2021 10:30,148.63,148.735,148.42,148.58,1118462,5min,USD,America/New_York,Common Stock
25-08-2021 10:25,148.84,148.88,148.535,148.62019,1010173,5min,USD,America/New_York,Common Stock
25-08-2021 10:20,149.075,149.13499,148.77,148.84,1076995,5min,USD,America/New_York,Common Stock
25-08-2021 10:15,149.0076,149.2,149,149.08,870194,5min,USD,America/New_York,Common Stock
25-08-2021 15:37,148.565,148.6183,148.565,148.61,115225,1min,USD,America/New_York,Common Stock
25-08-2021 15:36,148.56,148.57001,148.53999,148.5699,107237,1min,USD,America/New_York,Common Stock
25-08-2021 15:35,148.5,148.56,148.5,148.56,167634,1min,USD,America/New_York,Common Stock
25-08-2021 15:34,148.44189,148.5,148.44,148.495,109018,1min,USD,America/New_York,Common Stock
25-08-2021 15:33,148.4901,148.52,148.44,148.44991,182747,1min,USD,America/New_York,Common Stock
25-08-2021 15:32,148.44,148.5,148.44,148.495,121528,1min,USD,America/New_York,Common Stock
25-08-2021 15:31,148.435,148.45,148.42999,148.44,82794,1min,USD,America/New_York,Common Stock
25-08-2021 15:30,148.3701,148.45,148.3701,148.435,139000,1min,USD,America/New_York,Common Stock
25-08-2021 15:29,148.31,148.39,148.31,148.3705,70763,1min,USD,America/New_York,Common Stock
25-08-2021 15:28,148.315,148.34,148.3101,148.315,59887,1min,USD,America/New_York,Common Stock
25-08-2021 15:27,148.32001,148.35001,148.315,148.31509,68258,1min,USD,America/New_York,Common Stock
25-08-2021 15:26,148.315,148.3499,148.31,148.31551,105210,1min,USD,America/New_York,Common Stock
25-08-2021 15:25,148.27499,148.31,148.27,148.30499,116743,1min,USD,America/New_York,Common Stock
25-08-2021 15:24,148.35561,148.35561,148.27,148.2701,97185,1min,USD,America/New_York,Common Stock
25-08-2021 15:23,148.3699,148.38,148.34,148.3524,90536,1min,USD,America/New_York,Common Stock
25-08-2021 15:22,148.38989,148.39999,148.36,148.36,62496,1min,USD,America/New_York,Common Stock
25-08-2021 15:21,148.425,148.42999,148.3703,148.38499,84499,1min,USD,America/New_York,Common Stock
25-08-2021 15:20,148.392,148.42799,148.39,148.42,61421,1min,USD,America/New_York,Common Stock
25-08-2021 15:19,148.4101,148.41901,148.36501,148.395,78405,1min,USD,America/New_York,Common Stock
25-08-2021 15:18,148.42,148.4201,148.39999,148.41499,76535,1min,USD,America/New_York,Common Stock
25-08-2021 15:17,148.34801,148.42999,148.345,148.425,170848,1min,USD,America/New_York,Common Stock
25-08-2021 15:16,148.285,148.345,148.25999,148.345,135142,1min,USD,America/New_York,Common Stock
25-08-2021 15:15,148.2963,148.35001,148.28,148.2807,80366,1min,USD,America/New_York,Common Stock
25-08-2021 15:14,148.27991,148.3067,148.265,148.295,78712,1min,USD,America/New_York,Common Stock
25-08-2021 15:13,148.30991,148.33,148.27,148.27,82425,1min,USD,America/New_York,Common Stock
25-08-2021 15:12,148.28999,148.32001,148.28999,148.30499,90079,1min,USD,America/New_York,Common Stock
25-08-2021 15:11,148.382,148.38499,148.28999,148.295,147897,1min,USD,America/New_York,Common Stock
25-08-2021 15:10,148.35001,148.38989,148.345,148.3837,93799,1min,USD,America/New_York,Common Stock
25-08-2021 15:09,148.355,148.38,148.34,148.34309,97244,1min,USD,America/New_York,Common Stock
25-08-2021 15:08,148.3299,148.36,148.32001,148.355,78812,1min,USD,America/New_York,Common Stock
25-08-2021 15:35,148.5,148.64,148.5,148.55499,559516,5min,USD,America/New_York,Common Stock
25-08-2021 15:30,148.3701,148.52,148.3701,148.495,635087,5min,USD,America/New_York,Common Stock
25-08-2021 15:25,148.27499,148.39,148.27,148.3705,420861,5min,USD,America/New_York,Common Stock
25-08-2021 15:20,148.392,148.42999,148.27,148.2701,396137,5min,USD,America/New_York,Common Stock
25-08-2021 15:15,148.2963,148.42999,148.25999,148.395,541296,5min,USD,America/New_York,Common Stock
25-08-2021 15:10,148.35001,148.38989,148.265,148.295,492912,5min,USD,America/New_York,Common Stock
25-08-2021 15:05,148.31,148.38,148.27,148.34309,371093,5min,USD,America/New_York,Common Stock
25-08-2021 15:00,148.25999,148.36,148.215,148.31841,522375,5min,USD,America/New_York,Common Stock
25-08-2021 14:55,148.295,148.37,148.24001,148.26109,652774,5min,USD,America/New_York,Common Stock
25-08-2021 14:50,148.2321,148.36,148.185,148.28841,599365,5min,USD,America/New_York,Common Stock
25-08-2021 14:45,148.19501,148.28,148.14999,148.235,502856,5min,USD,America/New_York,Common Stock
25-08-2021 14:40,148.00999,148.22,148,148.19,579112,5min,USD,America/New_York,Common Stock
25-08-2021 14:35,148.0892,148.11,148.00999,148.02499,387299,5min,USD,America/New_York,Common Stock
25-08-2021 14:30,148.03,148.16499,148.03,148.08,531557,5min,USD,America/New_York,Common Stock
25-08-2021 14:25,147.89999,148.03999,147.89,148.035,347392,5min,USD,America/New_York,Common Stock
25-08-2021 14:20,147.995,147.995,147.82001,147.895,469121,5min,USD,America/New_York,Common Stock
25-08-2021 14:15,147.995,148.03,147.8998,147.99989,458140,5min,USD,America/New_York,Common Stock
25-08-2021 14:10,148.05,148.065,147.92,147.995,566224,5min,USD,America/New_York,Common Stock
25-08-2021 14:05,147.89,148.0899,147.87,148.05499,745655,5min,USD,America/New_York,Common Stock
25-08-2021 14:00,147.855,147.91,147.82001,147.89,328086,5min,USD,America/New_York,Common Stock
25-08-2021 13:55,147.87,147.87,147.82001,147.86,316709,5min,USD,America/New_York,Common Stock
25-08-2021 13:50,147.9299,147.94501,147.84,147.86501,350498,5min,USD,America/New_York,Common Stock
25-08-2021 13:45,147.97,148,147.895,147.925,360731,5min,USD,America/New_York,Common Stock
25-08-2021 13:40,147.9899,147.9899,147.9899,147.9899,0,5min,USD,America/New_York,Common Stock
25-08-2021 13:35,147.95,147.97,147.91,147.935,211585,5min,USD,America/New_York,Common Stock
25-08-2021 13:30,148.035,148.10001,147.94,147.94501,718050,5min,USD,America/New_York,Common Stock
25-08-2021 13:25,148.0739,148.13,148.00999,148.03,409421,5min,USD,America/New_York,Common Stock
25-08-2021 13:20,148.105,148.1499,148.00999,148.075,553630,5min,USD,America/New_York,Common Stock
25-08-2021 13:15,148.21001,148.27,148.09,148.105,450259,5min,USD,America/New_York,Common Stock
25-08-2021 13:10,148.09,148.2775,148.0802,148.21001,418982,5min,USD,America/New_York,Common Stock
25-08-2021 15:59,148.38,148.395,148.34,148.37,506844,1min,USD,America/New_York,Common Stock
25-08-2021 15:58,148.41499,148.4599,148.37,148.38,255589,1min,USD,America/New_York,Common Stock
25-08-2021 15:57,148.46001,148.48,148.41,148.41499,216859,1min,USD,America/New_York,Common Stock
25-08-2021 15:56,148.45,148.49001,148.435,148.46001,200627,1min,USD,America/New_York,Common Stock
25-08-2021 15:55,148.5,148.53,148.425,148.455,254694,1min,USD,America/New_York,Common Stock
25-08-2021 15:54,148.50999,148.50999,148.435,148.505,282169,1min,USD,America/New_York,Common Stock
25-08-2021 15:53,148.505,148.52,148.465,148.50999,188236,1min,USD,America/New_York,Common Stock
25-08-2021 15:52,148.6073,148.61,148.505,148.515,244050,1min,USD,America/New_York,Common Stock
25-08-2021 15:51,148.58,148.62,148.57001,148.60001,181990,1min,USD,America/New_York,Common Stock
25-08-2021 15:50,148.57001,148.66,148.535,148.57001,218997,1min,USD,America/New_York,Common Stock
25-08-2021 15:49,148.605,148.60941,148.52499,148.57001,147106,1min,USD,America/New_York,Common Stock
25-08-2021 15:48,148.63499,148.6499,148.58099,148.60001,116905,1min,USD,America/New_York,Common Stock
25-08-2021 15:47,148.7,148.705,148.62061,148.6319,142664,1min,USD,America/New_York,Common Stock
25-08-2021 15:46,148.74001,148.75,148.67999,148.69501,164229,1min,USD,America/New_York,Common Stock
25-08-2021 15:45,148.645,148.74001,148.645,148.735,227785,1min,USD,America/New_York,Common Stock
25-08-2021 15:44,148.6088,148.64999,148.595,148.64,83670,1min,USD,America/New_York,Common Stock
25-08-2021 15:43,148.655,148.66,148.60001,148.61,124385,1min,USD,America/New_York,Common Stock
25-08-2021 15:42,148.515,148.67,148.515,148.655,187878,1min,USD,America/New_York,Common Stock
25-08-2021 15:41,148.519,148.52,148.47,148.515,138183,1min,USD,America/New_York,Common Stock
25-08-2021 15:40,148.485,148.52,148.485,148.51781,78817,1min,USD,America/New_York,Common Stock
25-08-2021 15:39,148.55,148.56,148.47,148.485,160318,1min,USD,America/New_York,Common Stock
25-08-2021 15:38,148.61011,148.64,148.55499,148.55499,169420,1min,USD,America/New_York,Common Stock
25-08-2021 15:37,148.565,148.6183,148.565,148.61,115225,1min,USD,America/New_York,Common Stock
25-08-2021 15:36,148.56,148.57001,148.53999,148.5699,107237,1min,USD,America/New_York,Common Stock
25-08-2021 15:35,148.5,148.56,148.5,148.56,167634,1min,USD,America/New_York,Common Stock
25-08-2021 15:34,148.44189,148.5,148.44,148.495,109018,1min,USD,America/New_York,Common Stock
25-08-2021 15:33,148.4901,148.52,148.44,148.44991,182747,1min,USD,America/New_York,Common Stock
25-08-2021 15:32,148.44,148.5,148.44,148.495,121528,1min,USD,America/New_York,Common Stock
25-08-2021 15:31,148.435,148.45,148.42999,148.44,82794,1min,USD,America/New_York,Common Stock
25-08-2021 15:30,148.3701,148.45,148.3701,148.435,139000,1min,USD,America/New_York,Common Stock
25-08-2021 15:55,148.5,148.53,148.34,148.37,1434613,5min,USD,America/New_York,Common Stock
25-08-2021 15:50,148.57001,148.66,148.435,148.505,1115442,5min,USD,America/New_York,Common Stock
25-08-2021 15:45,148.645,148.75,148.52499,148.57001,798689,5min,USD,America/New_York,Common Stock
25-08-2021 15:40,148.485,148.67,148.47,148.64,612933,5min,USD,America/New_York,Common Stock
25-08-2021 15:35,148.5,148.64,148.47,148.485,719834,5min,USD,America/New_York,Common Stock
25-08-2021 15:30,148.3701,148.52,148.3701,148.495,635087,5min,USD,America/New_York,Common Stock
25-08-2021 15:25,148.27499,148.39,148.27,148.3705,420861,5min,USD,America/New_York,Common Stock
25-08-2021 15:20,148.392,148.42999,148.27,148.2701,396137,5min,USD,America/New_York,Common Stock
25-08-2021 15:15,148.2963,148.42999,148.25999,148.395,541296,5min,USD,America/New_York,Common Stock
25-08-2021 15:10,148.35001,148.38989,148.265,148.295,492912,5min,USD,America/New_York,Common Stock
25-08-2021 15:05,148.31,148.38,148.27,148.34309,371093,5min,USD,America/New_York,Common Stock
25-08-2021 15:00,148.25999,148.36,148.215,148.31841,522375,5min,USD,America/New_York,Common Stock
25-08-2021 14:55,148.295,148.37,148.24001,148.26109,652774,5min,USD,America/New_York,Common Stock
25-08-2021 14:50,148.2321,148.36,148.185,148.28841,599365,5min,USD,America/New_York,Common Stock
25-08-2021 14:45,148.19501,148.28,148.14999,148.235,502856,5min,USD,America/New_York,Common Stock
25-08-2021 14:40,148.00999,148.22,148,148.19,579112,5min,USD,America/New_York,Common Stock
25-08-2021 14:35,148.0892,148.11,148.00999,148.02499,387299,5min,USD,America/New_York,Common Stock
25-08-2021 14:30,148.03,148.16499,148.03,148.08,531557,5min,USD,America/New_York,Common Stock
25-08-2021 14:25,147.89999,148.03999,147.89,148.035,347392,5min,USD,America/New_York,Common Stock
25-08-2021 14:20,147.995,147.995,147.82001,147.895,469121,5min,USD,America/New_York,Common Stock
25-08-2021 14:15,147.995,148.03,147.8998,147.99989,458140,5min,USD,America/New_York,Common Stock
25-08-2021 14:10,148.05,148.065,147.92,147.995,566224,5min,USD,America/New_York,Common Stock
25-08-2021 14:05,147.89,148.0899,147.87,148.05499,745655,5min,USD,America/New_York,Common Stock
25-08-2021 14:00,147.855,147.91,147.82001,147.89,328086,5min,USD,America/New_York,Common Stock
25-08-2021 13:55,147.87,147.87,147.82001,147.86,316709,5min,USD,America/New_York,Common Stock
25-08-2021 13:50,147.9299,147.94501,147.84,147.86501,350498,5min,USD,America/New_York,Common Stock
25-08-2021 13:45,147.97,148,147.895,147.925,360731,5min,USD,America/New_York,Common Stock
25-08-2021 13:40,147.9899,147.9899,147.9899,147.9899,0,5min,USD,America/New_York,Common Stock
25-08-2021 13:35,147.95,147.97,147.91,147.935,211585,5min,USD,America/New_York,Common Stock
25-08-2021 13:30,148.035,148.10001,147.94,147.94501,718050,5min,USD,America/New_York,Common Stock
26-08-2021 14:45,147.88,147.94009,147.86,147.91499,62009,1min,USD,America/New_York,Common Stock
26-08-2021 14:44,147.8878,147.8999,147.86,147.8799,77769,1min,USD,America/New_York,Common Stock
26-08-2021 14:43,147.8882,147.935,147.87041,147.8821,80793,1min,USD,America/New_York,Common Stock
26-08-2021 14:42,147.97,147.97,147.88,147.88,66909,1min,USD,America/New_York,Common Stock
26-08-2021 14:41,147.97,148,147.96001,147.97501,36084,1min,USD,America/New_York,Common Stock
26-08-2021 14:40,148.015,148.03,147.9722,147.9782,43812,1min,USD,America/New_York,Common Stock
26-08-2021 14:39,148.005,148.02499,147.98,148.0101,64169,1min,USD,America/New_York,Common Stock
26-08-2021 14:38,147.96001,148.015,147.95,148.0032,69016,1min,USD,America/New_York,Common Stock
26-08-2021 14:37,147.965,147.97,147.9314,147.9619,68605,1min,USD,America/New_York,Common Stock
26-08-2021 14:36,147.96519,147.985,147.95,147.9601,40349,1min,USD,America/New_York,Common Stock
26-08-2021 14:35,147.97501,147.9827,147.95,147.96001,58131,1min,USD,America/New_York,Common Stock
26-08-2021 14:34,147.99001,147.99001,147.9601,147.97501,44236,1min,USD,America/New_York,Common Stock
26-08-2021 14:33,147.995,148.02,147.97,148.00011,86103,1min,USD,America/New_York,Common Stock
26-08-2021 14:32,147.99001,148.03999,147.98,147.99001,78264,1min,USD,America/New_York,Common Stock
26-08-2021 14:31,147.94,147.99001,147.92999,147.98,56478,1min,USD,America/New_York,Common Stock
26-08-2021 14:30,147.98,147.98,147.9201,147.94501,42524,1min,USD,America/New_York,Common Stock
26-08-2021 14:29,147.99989,148.00999,147.98039,147.9846,42354,1min,USD,America/New_York,Common Stock
26-08-2021 14:28,148,148.00999,147.9899,147.993,51772,1min,USD,America/New_York,Common Stock
26-08-2021 14:27,147.94,148.0103,147.93221,148,58907,1min,USD,America/New_York,Common Stock
26-08-2021 14:26,147.925,147.98,147.89999,147.955,86838,1min,USD,America/New_York,Common Stock
26-08-2021 14:25,147.96001,147.97,147.91,147.925,45013,1min,USD,America/New_York,Common Stock
26-08-2021 14:24,147.94279,147.95731,147.91,147.955,91735,1min,USD,America/New_York,Common Stock
26-08-2021 14:23,147.99989,147.99989,147.92,147.9399,77557,1min,USD,America/New_York,Common Stock
26-08-2021 14:22,148,148.02,147.9601,147.998,53554,1min,USD,America/New_York,Common Stock
26-08-2021 14:21,147.955,148.02,147.95,147.995,93554,1min,USD,America/New_York,Common Stock
26-08-2021 14:20,147.91499,147.96001,147.905,147.955,43018,1min,USD,America/New_York,Common Stock
26-08-2021 14:19,147.95151,147.9586,147.905,147.91071,51262,1min,USD,America/New_York,Common Stock
26-08-2021 14:18,147.9608,147.99001,147.95,147.96001,60088,1min,USD,America/New_York,Common Stock
26-08-2021 14:17,147.95,147.96989,147.925,147.9608,55130,1min,USD,America/New_York,Common Stock
26-08-2021 14:16,147.98,147.99989,147.955,147.9599,65017,1min,USD,America/New_York,Common Stock
26-08-2021 14:45,147.88,147.97501,147.86,147.97,187368,5min,USD,America/New_York,Common Stock
26-08-2021 14:40,148.015,148.03,147.86,147.8799,305367,5min,USD,America/New_York,Common Stock
26-08-2021 14:35,147.97501,148.02499,147.9314,148.0101,300270,5min,USD,America/New_York,Common Stock
26-08-2021 14:30,147.98,148.03999,147.9201,147.97501,307605,5min,USD,America/New_York,Common Stock
26-08-2021 14:25,147.96001,148.0103,147.89999,147.9846,284884,5min,USD,America/New_York,Common Stock
26-08-2021 14:20,147.91499,148.02,147.905,147.955,359418,5min,USD,America/New_York,Common Stock
26-08-2021 14:15,147.83501,147.99989,147.8333,147.91071,347181,5min,USD,America/New_York,Common Stock
26-08-2021 14:10,147.92,147.96001,147.83,147.84,335810,5min,USD,America/New_York,Common Stock
26-08-2021 14:05,148.02,148.045,147.88,147.9207,430942,5min,USD,America/New_York,Common Stock
26-08-2021 14:00,148.09,148.09,147.9301,148.0099,476034,5min,USD,America/New_York,Common Stock
26-08-2021 13:55,148.08501,148.17999,148.07001,148.08501,385864,5min,USD,America/New_York,Common Stock
26-08-2021 13:50,148.09,148.11501,148.03,148.08459,242286,5min,USD,America/New_York,Common Stock
26-08-2021 13:45,148.2251,148.23,148.0826,148.09,247204,5min,USD,America/New_York,Common Stock
26-08-2021 13:40,148.218,148.285,148.2101,148.22,243927,5min,USD,America/New_York,Common Stock
26-08-2021 13:35,148.21001,148.255,148.17999,148.22,189236,5min,USD,America/New_York,Common Stock
26-08-2021 13:30,148.07001,148.24001,148.06171,148.215,297574,5min,USD,America/New_York,Common Stock
26-08-2021 13:25,148.015,148.14999,147.98,148.10001,351467,5min,USD,America/New_York,Common Stock
26-08-2021 13:20,148.14999,148.17999,148,148.02,439390,5min,USD,America/New_York,Common Stock
26-08-2021 13:15,148.295,148.34,148.13,148.14011,333255,5min,USD,America/New_York,Common Stock
26-08-2021 13:10,148.22,148.31,148.205,148.2901,286268,5min,USD,America/New_York,Common Stock
26-08-2021 13:05,148.24001,148.3,148.1631,148.205,255453,5min,USD,America/New_York,Common Stock
26-08-2021 13:00,148.33501,148.34,148.2,148.25,275610,5min,USD,America/New_York,Common Stock
26-08-2021 12:55,148.2444,148.36011,148.2401,148.34,279207,5min,USD,America/New_York,Common Stock
26-08-2021 12:50,148.39999,148.44,148.22,148.245,373937,5min,USD,America/New_York,Common Stock
26-08-2021 12:45,148.5,148.52,148.36,148.395,269542,5min,USD,America/New_York,Common Stock
26-08-2021 12:40,148.45,148.5,148.3681,148.49181,349511,5min,USD,America/New_York,Common Stock
26-08-2021 12:35,148.53,148.59,148.435,148.4435,290775,5min,USD,America/New_York,Common Stock
26-08-2021 12:30,148.63499,148.6496,148.45,148.52,441268,5min,USD,America/New_York,Common Stock
26-08-2021 12:25,148.515,148.64999,148.5009,148.63499,428169,5min,USD,America/New_York,Common Stock
26-08-2021 12:20,148.41499,148.52,148.39999,148.5199,384112,5min,USD,America/New_York,Common Stock
26-08-2021 15:59,147.56,147.59,147.52,147.53999,406359,1min,USD,America/New_York,Common Stock
26-08-2021 15:58,147.62,147.63,147.56,147.565,339301,1min,USD,America/New_York,Common Stock
26-08-2021 15:57,147.6713,147.685,147.61,147.61501,293356,1min,USD,America/New_York,Common Stock
26-08-2021 15:56,147.77499,147.8,147.67,147.67,265947,1min,USD,America/New_York,Common Stock
26-08-2021 15:55,147.67999,147.78999,147.66,147.77,292803,1min,USD,America/New_York,Common Stock
26-08-2021 15:54,147.74001,147.82001,147.64,147.685,369519,1min,USD,America/New_York,Common Stock
26-08-2021 15:53,147.7,147.77,147.67,147.74001,185116,1min,USD,America/New_York,Common Stock
26-08-2021 15:52,147.7249,147.73,147.67,147.7,162409,1min,USD,America/New_York,Common Stock
26-08-2021 15:51,147.78,147.78,147.69,147.72,154857,1min,USD,America/New_York,Common Stock
26-08-2021 15:50,147.82001,147.89,147.77,147.78999,203440,1min,USD,America/New_York,Common Stock
26-08-2021 15:49,147.81,147.8596,147.795,147.82001,122188,1min,USD,America/New_York,Common Stock
26-08-2021 15:48,147.83,147.8472,147.7701,147.8199,96797,1min,USD,America/New_York,Common Stock
26-08-2021 15:47,147.74001,147.8376,147.7,147.815,180792,1min,USD,America/New_York,Common Stock
26-08-2021 15:46,147.72,147.765,147.6801,147.7399,133456,1min,USD,America/New_York,Common Stock
26-08-2021 15:45,147.72501,147.75999,147.64,147.715,125699,1min,USD,America/New_York,Common Stock
26-08-2021 15:44,147.71001,147.74001,147.67999,147.72501,180566,1min,USD,America/New_York,Common Stock
26-08-2021 15:43,147.87,147.87,147.715,147.715,126027,1min,USD,America/New_York,Common Stock
26-08-2021 15:42,147.89,147.9579,147.8569,147.869,150603,1min,USD,America/New_York,Common Stock
26-08-2021 15:41,147.78999,147.905,147.78999,147.89011,110047,1min,USD,America/New_York,Common Stock
26-08-2021 15:40,147.7986,147.83501,147.78,147.78,125005,1min,USD,America/New_York,Common Stock
26-08-2021 15:39,147.8222,147.83,147.78,147.78999,75840,1min,USD,America/New_York,Common Stock
26-08-2021 15:38,147.86501,147.86501,147.77,147.8201,184426,1min,USD,America/New_York,Common Stock
26-08-2021 15:37,147.91,147.92999,147.85001,147.86011,129158,1min,USD,America/New_York,Common Stock
26-08-2021 15:36,147.895,147.92,147.87,147.91,118794,1min,USD,America/New_York,Common Stock
26-08-2021 15:35,147.83,147.91,147.815,147.89999,130673,1min,USD,America/New_York,Common Stock
26-08-2021 15:34,147.77,147.825,147.765,147.82001,86934,1min,USD,America/New_York,Common Stock
26-08-2021 15:33,147.78,147.80991,147.77,147.78,60652,1min,USD,America/New_York,Common Stock
26-08-2021 15:32,147.81,147.85001,147.78,147.78,82622,1min,USD,America/New_York,Common Stock
26-08-2021 15:31,147.8299,147.83,147.785,147.80499,81278,1min,USD,America/New_York,Common Stock
26-08-2021 15:30,147.72501,147.85001,147.72009,147.82269,146562,1min,USD,America/New_York,Common Stock
26-08-2021 15:55,147.67999,147.8,147.52,147.53999,1597766,5min,USD,America/New_York,Common Stock
26-08-2021 15:50,147.82001,147.89,147.64,147.685,1075341,5min,USD,America/New_York,Common Stock
26-08-2021 15:45,147.72501,147.8596,147.64,147.82001,658932,5min,USD,America/New_York,Common Stock
26-08-2021 15:40,147.7986,147.9579,147.67999,147.72501,692248,5min,USD,America/New_York,Common Stock
26-08-2021 15:35,147.83,147.92999,147.77,147.78999,638891,5min,USD,America/New_York,Common Stock
26-08-2021 15:30,147.72501,147.85001,147.72009,147.82001,458048,5min,USD,America/New_York,Common Stock
26-08-2021 15:25,147.795,147.84,147.71001,147.715,450264,5min,USD,America/New_York,Common Stock
26-08-2021 15:20,147.82001,147.84,147.715,147.80499,413847,5min,USD,America/New_York,Common Stock
26-08-2021 15:15,147.62399,147.83,147.57001,147.815,536883,5min,USD,America/New_York,Common Stock
26-08-2021 15:10,147.61951,147.6701,147.56,147.627,488697,5min,USD,America/New_York,Common Stock
26-08-2021 15:05,147.6299,147.66,147.50999,147.6192,474253,5min,USD,America/New_York,Common Stock
26-08-2021 15:00,147.74001,147.74001,147.53,147.625,661620,5min,USD,America/New_York,Common Stock
26-08-2021 14:55,147.86501,147.875,147.71001,147.735,447488,5min,USD,America/New_York,Common Stock
26-08-2021 14:50,147.88,147.94,147.85001,147.87,336282,5min,USD,America/New_York,Common Stock
26-08-2021 14:45,147.88,147.97501,147.86,147.89,320855,5min,USD,America/New_York,Common Stock
26-08-2021 14:40,148.015,148.03,147.86,147.8799,305367,5min,USD,America/New_York,Common Stock
26-08-2021 14:35,147.97501,148.02499,147.9314,148.0101,300270,5min,USD,America/New_York,Common Stock
26-08-2021 14:30,147.98,148.03999,147.9201,147.97501,307605,5min,USD,America/New_York,Common Stock
26-08-2021 14:25,147.96001,148.0103,147.89999,147.9846,284884,5min,USD,America/New_York,Common Stock
26-08-2021 14:20,147.91499,148.02,147.905,147.955,359418,5min,USD,America/New_York,Common Stock
26-08-2021 14:15,147.83501,147.99989,147.8333,147.91071,347181,5min,USD,America/New_York,Common Stock
26-08-2021 14:10,147.92,147.96001,147.83,147.84,335810,5min,USD,America/New_York,Common Stock
26-08-2021 14:05,148.02,148.045,147.88,147.9207,430942,5min,USD,America/New_York,Common Stock
26-08-2021 14:00,148.09,148.09,147.9301,148.0099,476034,5min,USD,America/New_York,Common Stock
26-08-2021 13:55,148.08501,148.17999,148.07001,148.08501,385864,5min,USD,America/New_York,Common Stock
26-08-2021 13:50,148.09,148.11501,148.03,148.08459,242286,5min,USD,America/New_York,Common Stock
26-08-2021 13:45,148.2251,148.23,148.0826,148.09,247204,5min,USD,America/New_York,Common Stock
26-08-2021 13:40,148.218,148.285,148.2101,148.22,243927,5min,USD,America/New_York,Common Stock
26-08-2021 13:35,148.21001,148.255,148.17999,148.22,189236,5min,USD,America/New_York,Common Stock
26-08-2021 13:30,148.07001,148.24001,148.06171,148.215,297574,5min,USD,America/New_York,Common Stock
27-08-2021 13:37,148.7101,148.72,148.66499,148.6812,46941,1min,USD,America/New_York,Common Stock
27-08-2021 13:36,148.64999,148.72,148.64999,148.7101,70461,1min,USD,America/New_York,Common Stock
27-08-2021 13:35,148.63499,148.67,148.62151,148.6523,56756,1min,USD,America/New_York,Common Stock
27-08-2021 13:34,148.62,148.66499,148.61,148.64,80788,1min,USD,America/New_York,Common Stock
27-08-2021 13:33,148.6254,148.63,148.58,148.62,61756,1min,USD,America/New_York,Common Stock
27-08-2021 13:32,148.64999,148.67,148.6201,148.625,60229,1min,USD,America/New_York,Common Stock
27-08-2021 13:31,148.60001,148.66,148.59331,148.645,61417,1min,USD,America/New_York,Common Stock
27-08-2021 13:30,148.58,148.60001,148.55,148.595,80294,1min,USD,America/New_York,Common Stock
27-08-2021 13:29,148.6227,148.63989,148.58279,148.58859,58276,1min,USD,America/New_York,Common Stock
27-08-2021 13:28,148.66,148.66,148.6201,148.625,58038,1min,USD,America/New_York,Common Stock
27-08-2021 13:27,148.67,148.6701,148.64,148.662,59406,1min,USD,America/New_York,Common Stock
27-08-2021 13:26,148.6801,148.6884,148.653,148.675,62925,1min,USD,America/New_York,Common Stock
27-08-2021 13:25,148.66,148.71001,148.64999,148.67999,143819,1min,USD,America/New_York,Common Stock
27-08-2021 13:24,148.6301,148.6799,148.63,148.67,73127,1min,USD,America/New_York,Common Stock
27-08-2021 13:23,148.63,148.658,148.625,148.63,61310,1min,USD,America/New_York,Common Stock
27-08-2021 13:22,148.59,148.63879,148.58,148.63,69336,1min,USD,America/New_York,Common Stock
27-08-2021 13:21,148.55499,148.61,148.545,148.5932,111774,1min,USD,America/New_York,Common Stock
27-08-2021 13:20,148.495,148.5584,148.4926,148.55811,36516,1min,USD,America/New_York,Common Stock
27-08-2021 13:19,148.455,148.5099,148.455,148.48801,75294,1min,USD,America/New_York,Common Stock
27-08-2021 13:18,148.47,148.47,148.42999,148.455,61178,1min,USD,America/New_York,Common Stock
27-08-2021 13:17,148.48849,148.48849,148.46001,148.47,49959,1min,USD,America/New_York,Common Stock
27-08-2021 13:16,148.47,148.5,148.47,148.4899,53714,1min,USD,America/New_York,Common Stock
27-08-2021 13:15,148.485,148.485,148.4501,148.465,47496,1min,USD,America/New_York,Common Stock
27-08-2021 13:14,148.535,148.5379,148.48,148.485,58051,1min,USD,America/New_York,Common Stock
27-08-2021 13:13,148.55009,148.59,148.52,148.53,76997,1min,USD,America/New_York,Common Stock
27-08-2021 13:12,148.50999,148.56,148.50999,148.55,86941,1min,USD,America/New_York,Common Stock
27-08-2021 13:11,148.42999,148.515,148.42999,148.50999,93985,1min,USD,America/New_York,Common Stock
27-08-2021 13:10,148.46001,148.46001,148.4173,148.425,80129,1min,USD,America/New_York,Common Stock
27-08-2021 13:09,148.5,148.505,148.44009,148.46001,61634,1min,USD,America/New_York,Common Stock
27-08-2021 13:08,148.515,148.52499,148.49001,148.49001,54411,1min,USD,America/New_York,Common Stock
27-08-2021 13:35,148.63499,148.72,148.62151,148.71001,289469,5min,USD,America/New_York,Common Stock
27-08-2021 13:30,148.58,148.67,148.55,148.64,344484,5min,USD,America/New_York,Common Stock
27-08-2021 13:25,148.66,148.71001,148.58279,148.58859,382464,5min,USD,America/New_York,Common Stock
27-08-2021 13:20,148.495,148.6799,148.4926,148.67,352063,5min,USD,America/New_York,Common Stock
27-08-2021 13:15,148.485,148.5099,148.42999,148.48801,287641,5min,USD,America/New_York,Common Stock
27-08-2021 13:10,148.46001,148.59,148.4173,148.485,396103,5min,USD,America/New_York,Common Stock
27-08-2021 13:05,148.468,148.53,148.44009,148.46001,432480,5min,USD,America/New_York,Common Stock
27-08-2021 13:00,148.39999,148.47,148.3318,148.46001,320623,5min,USD,America/New_York,Common Stock
27-08-2021 12:55,148.25999,148.39999,148.24159,148.39999,355296,5min,USD,America/New_York,Common Stock
27-08-2021 12:50,148.31129,148.32001,148.2,148.255,282012,5min,USD,America/New_York,Common Stock
27-08-2021 12:45,148.35001,148.4198,148.295,148.31,288577,5min,USD,America/New_York,Common Stock
27-08-2021 12:40,148.375,148.38499,148.28,148.35001,296242,5min,USD,America/New_York,Common Stock
27-08-2021 12:35,148.27499,148.39,148.25999,148.3784,353436,5min,USD,America/New_York,Common Stock
27-08-2021 12:30,148.185,148.3,148.14999,148.2701,423151,5min,USD,America/New_York,Common Stock
27-08-2021 12:25,148.38,148.38,148.1801,148.19991,675879,5min,USD,America/New_York,Common Stock
27-08-2021 12:20,148.22501,148.3871,148.17999,148.375,1642143,5min,USD,America/New_York,Common Stock
27-08-2021 12:15,148.345,148.345,148.2,148.22,361749,5min,USD,America/New_York,Common Stock
27-08-2021 12:10,148.39,148.42999,148.28999,148.3499,382752,5min,USD,America/New_York,Common Stock
27-08-2021 12:05,148.52,148.63499,148.36011,148.38499,590909,5min,USD,America/New_York,Common Stock
27-08-2021 12:00,148.51961,148.53,148.44,148.50999,518990,5min,USD,America/New_York,Common Stock
27-08-2021 11:55,148.32001,148.52,148.28101,148.5112,582114,5min,USD,America/New_York,Common Stock
27-08-2021 11:50,148.3,148.38,148.23,148.32001,423770,5min,USD,America/New_York,Common Stock
27-08-2021 11:45,148.35001,148.36121,148.22,148.3,629305,5min,USD,America/New_York,Common Stock
27-08-2021 11:40,148.16499,148.37421,148.08,148.35001,685499,5min,USD,America/New_York,Common Stock
27-08-2021 11:35,148.0282,148.25,148,148.1601,683288,5min,USD,America/New_York,Common Stock
27-08-2021 11:30,147.77499,148.0399,147.77499,148.02499,440970,5min,USD,America/New_York,Common Stock
27-08-2021 11:25,147.965,147.99001,147.77,147.787,476372,5min,USD,America/New_York,Common Stock
27-08-2021 11:20,147.89999,147.98,147.871,147.9622,497144,5min,USD,America/New_York,Common Stock
27-08-2021 11:15,147.89999,147.98,147.78,147.895,631987,5min,USD,America/New_York,Common Stock
27-08-2021 11:10,147.99071,148.09,147.89,147.9001,577557,5min,USD,America/New_York,Common Stock
27-08-2021 15:59,148.605,148.67,148.5032,148.60001,720251,1min,USD,America/New_York,Common Stock
27-08-2021 15:58,148.61501,148.64,148.58,148.6032,281576,1min,USD,America/New_York,Common Stock
27-08-2021 15:57,148.64999,148.66,148.595,148.61501,289576,1min,USD,America/New_York,Common Stock
27-08-2021 15:56,148.545,148.66,148.545,148.645,225050,1min,USD,America/New_York,Common Stock
27-08-2021 15:55,148.53999,148.595,148.52071,148.55,227881,1min,USD,America/New_York,Common Stock
27-08-2021 15:54,148.48,148.60001,148.47501,148.53999,320321,1min,USD,America/New_York,Common Stock
27-08-2021 15:53,148.46001,148.52,148.455,148.4718,211004,1min,USD,America/New_York,Common Stock
27-08-2021 15:52,148.47,148.48,148.44,148.465,145969,1min,USD,America/New_York,Common Stock
27-08-2021 15:51,148.52,148.53,148.44,148.465,230783,1min,USD,America/New_York,Common Stock
27-08-2021 15:50,148.57001,148.66,148.495,148.50079,348218,1min,USD,America/New_York,Common Stock
27-08-2021 15:49,148.60001,148.60001,148.53,148.55209,109262,1min,USD,America/New_York,Common Stock
27-08-2021 15:48,148.6299,148.6373,148.57001,148.605,98946,1min,USD,America/New_York,Common Stock
27-08-2021 15:47,148.60001,148.66499,148.60001,148.6291,148609,1min,USD,America/New_York,Common Stock
27-08-2021 15:46,148.605,148.60989,148.57001,148.595,102113,1min,USD,America/New_York,Common Stock
27-08-2021 15:45,148.625,148.64999,148.58,148.6001,163634,1min,USD,America/New_York,Common Stock
27-08-2021 15:44,148.58,148.63,148.5791,148.62,203853,1min,USD,America/New_York,Common Stock
27-08-2021 15:43,148.505,148.58501,148.505,148.58501,155643,1min,USD,America/New_York,Common Stock
27-08-2021 15:42,148.46001,148.53,148.455,148.5,180190,1min,USD,America/New_York,Common Stock
27-08-2021 15:41,148.405,148.46001,148.39,148.455,103518,1min,USD,America/New_York,Common Stock
27-08-2021 15:40,148.42,148.42999,148.39101,148.39999,114945,1min,USD,America/New_York,Common Stock
27-08-2021 15:39,148.44501,148.45,148.41,148.412,95209,1min,USD,America/New_York,Common Stock
27-08-2021 15:38,148.48,148.48,148.42999,148.4472,98856,1min,USD,America/New_York,Common Stock
27-08-2021 15:37,148.5,148.505,148.45,148.47501,152636,1min,USD,America/New_York,Common Stock
27-08-2021 15:36,148.537,148.5394,148.49001,148.49719,73277,1min,USD,America/New_York,Common Stock
27-08-2021 15:35,148.5502,148.5556,148.53,148.535,57615,1min,USD,America/New_York,Common Stock
27-08-2021 15:34,148.545,148.55499,148.53999,148.55499,70997,1min,USD,America/New_York,Common Stock
27-08-2021 15:33,148.55209,148.58,148.55,148.55,67256,1min,USD,America/New_York,Common Stock
27-08-2021 15:32,148.52,148.55,148.50079,148.55,92504,1min,USD,America/New_York,Common Stock
27-08-2021 15:31,148.52499,148.53,148.48199,148.52,117920,1min,USD,America/New_York,Common Stock
27-08-2021 15:30,148.5316,148.53999,148.50999,148.52499,95740,1min,USD,America/New_York,Common Stock
27-08-2021 15:55,148.53999,148.67,148.5032,148.60001,1744334,5min,USD,America/New_York,Common Stock
27-08-2021 15:50,148.57001,148.66,148.44,148.53999,1256295,5min,USD,America/New_York,Common Stock
27-08-2021 15:45,148.625,148.66499,148.53,148.55209,622564,5min,USD,America/New_York,Common Stock
27-08-2021 15:40,148.42,148.63,148.39,148.62,758149,5min,USD,America/New_York,Common Stock
27-08-2021 15:35,148.5502,148.5556,148.41,148.412,477593,5min,USD,America/New_York,Common Stock
27-08-2021 15:30,148.5316,148.58,148.48199,148.55499,444417,5min,USD,America/New_York,Common Stock
27-08-2021 15:25,148.60629,148.63499,148.53,148.535,407007,5min,USD,America/New_York,Common Stock
27-08-2021 15:20,148.64,148.645,148.59,148.6097,325719,5min,USD,America/New_York,Common Stock
27-08-2021 15:15,148.595,148.67,148.595,148.645,351691,5min,USD,America/New_York,Common Stock
27-08-2021 15:10,148.5601,148.60001,148.52499,148.595,309140,5min,USD,America/New_York,Common Stock
27-08-2021 15:05,148.52991,148.62,148.5,148.5601,337108,5min,USD,America/New_York,Common Stock
27-08-2021 15:00,148.5419,148.59869,148.46001,148.52,338978,5min,USD,America/New_York,Common Stock
27-08-2021 14:55,148.52499,148.567,148.5,148.545,229980,5min,USD,America/New_York,Common Stock
27-08-2021 14:50,148.6273,148.64,148.515,148.53999,270970,5min,USD,America/New_York,Common Stock
27-08-2021 14:45,148.6841,148.69881,148.56,148.62,274887,5min,USD,America/New_York,Common Stock
27-08-2021 14:40,148.63251,148.6972,148.625,148.6837,247145,5min,USD,America/New_York,Common Stock
27-08-2021 14:35,148.67999,148.7099,148.62,148.63049,318839,5min,USD,America/New_York,Common Stock
27-08-2021 14:30,148.645,148.67999,148.57001,148.67999,243344,5min,USD,America/New_York,Common Stock
27-08-2021 14:25,148.5491,148.66499,148.50439,148.645,267551,5min,USD,America/New_York,Common Stock
27-08-2021 14:20,148.6701,148.74001,148.50999,148.545,499301,5min,USD,America/New_York,Common Stock
27-08-2021 14:15,148.63,148.675,148.5401,148.675,275976,5min,USD,America/New_York,Common Stock
27-08-2021 14:10,148.66,148.66499,148.58501,148.63,281208,5min,USD,America/New_York,Common Stock
27-08-2021 14:05,148.58,148.67,148.55499,148.6627,237637,5min,USD,America/New_York,Common Stock
27-08-2021 14:00,148.6631,148.6714,148.53999,148.5699,405403,5min,USD,America/New_York,Common Stock
27-08-2021 13:55,148.655,148.705,148.63,148.67,245644,5min,USD,America/New_York,Common Stock
27-08-2021 13:50,148.66,148.67999,148.56,148.65269,260024,5min,USD,America/New_York,Common Stock
27-08-2021 13:45,148.66,148.6873,148.59,148.66,297144,5min,USD,America/New_York,Common Stock
27-08-2021 13:40,148.71001,148.75,148.64,148.66,378621,5min,USD,America/New_York,Common Stock
27-08-2021 13:35,148.63499,148.72,148.62151,148.71001,289469,5min,USD,America/New_York,Common Stock
27-08-2021 13:30,148.58,148.67,148.55,148.64,344484,5min,USD,America/New_York,Common Stock
27-08-2021 15:59,148.605,148.67,148.5032,148.60001,720251,1min,USD,America/New_York,Common Stock
27-08-2021 15:58,148.61501,148.64,148.58,148.6032,281576,1min,USD,America/New_York,Common Stock
27-08-2021 15:57,148.64999,148.66,148.595,148.61501,289576,1min,USD,America/New_York,Common Stock
27-08-2021 15:56,148.545,148.66,148.545,148.645,225050,1min,USD,America/New_York,Common Stock
27-08-2021 15:55,148.53999,148.595,148.52071,148.55,227881,1min,USD,America/New_York,Common Stock
27-08-2021 15:54,148.48,148.60001,148.47501,148.53999,320321,1min,USD,America/New_York,Common Stock
27-08-2021 15:53,148.46001,148.52,148.455,148.4718,211004,1min,USD,America/New_York,Common Stock
27-08-2021 15:52,148.47,148.48,148.44,148.465,145969,1min,USD,America/New_York,Common Stock
27-08-2021 15:51,148.52,148.53,148.44,148.465,230783,1min,USD,America/New_York,Common Stock
27-08-2021 15:50,148.57001,148.66,148.495,148.50079,348218,1min,USD,America/New_York,Common Stock
27-08-2021 15:49,148.60001,148.60001,148.53,148.55209,109262,1min,USD,America/New_York,Common Stock
27-08-2021 15:48,148.6299,148.6373,148.57001,148.605,98946,1min,USD,America/New_York,Common Stock
27-08-2021 15:47,148.60001,148.66499,148.60001,148.6291,148609,1min,USD,America/New_York,Common Stock
27-08-2021 15:46,148.605,148.60989,148.57001,148.595,102113,1min,USD,America/New_York,Common Stock
27-08-2021 15:45,148.625,148.64999,148.58,148.6001,163634,1min,USD,America/New_York,Common Stock
27-08-2021 15:44,148.58,148.63,148.5791,148.62,203853,1min,USD,America/New_York,Common Stock
27-08-2021 15:43,148.505,148.58501,148.505,148.58501,155643,1min,USD,America/New_York,Common Stock
27-08-2021 15:42,148.46001,148.53,148.455,148.5,180190,1min,USD,America/New_York,Common Stock
27-08-2021 15:41,148.405,148.46001,148.39,148.455,103518,1min,USD,America/New_York,Common Stock
27-08-2021 15:40,148.42,148.42999,148.39101,148.39999,114945,1min,USD,America/New_York,Common Stock
27-08-2021 15:39,148.44501,148.45,148.41,148.412,95209,1min,USD,America/New_York,Common Stock
27-08-2021 15:38,148.48,148.48,148.42999,148.4472,98856,1min,USD,America/New_York,Common Stock
27-08-2021 15:37,148.5,148.505,148.45,148.47501,152636,1min,USD,America/New_York,Common Stock
27-08-2021 15:36,148.537,148.5394,148.49001,148.49719,73277,1min,USD,America/New_York,Common Stock
27-08-2021 15:35,148.5502,148.5556,148.53,148.535,57615,1min,USD,America/New_York,Common Stock
27-08-2021 15:34,148.545,148.55499,148.53999,148.55499,70997,1min,USD,America/New_York,Common Stock
27-08-2021 15:33,148.55209,148.58,148.55,148.55,67256,1min,USD,America/New_York,Common Stock
27-08-2021 15:32,148.52,148.55,148.50079,148.55,92504,1min,USD,America/New_York,Common Stock
27-08-2021 15:31,148.52499,148.53,148.48199,148.52,117920,1min,USD,America/New_York,Common Stock
27-08-2021 15:30,148.5316,148.53999,148.50999,148.52499,95740,1min,USD,America/New_York,Common Stock
27-08-2021 15:55,148.53999,148.67,148.5032,148.60001,1744334,5min,USD,America/New_York,Common Stock
27-08-2021 15:50,148.57001,148.66,148.44,148.53999,1256295,5min,USD,America/New_York,Common Stock
27-08-2021 15:45,148.625,148.66499,148.53,148.55209,622564,5min,USD,America/New_York,Common Stock
27-08-2021 15:40,148.42,148.63,148.39,148.62,758149,5min,USD,America/New_York,Common Stock
27-08-2021 15:35,148.5502,148.5556,148.41,148.412,477593,5min,USD,America/New_York,Common Stock
27-08-2021 15:30,148.5316,148.58,148.48199,148.55499,444417,5min,USD,America/New_York,Common Stock
27-08-2021 15:25,148.60629,148.63499,148.53,148.535,407007,5min,USD,America/New_York,Common Stock
27-08-2021 15:20,148.64,148.645,148.59,148.6097,325719,5min,USD,America/New_York,Common Stock
27-08-2021 15:15,148.595,148.67,148.595,148.645,351691,5min,USD,America/New_York,Common Stock
27-08-2021 15:10,148.5601,148.60001,148.52499,148.595,309140,5min,USD,America/New_York,Common Stock
27-08-2021 15:05,148.52991,148.62,148.5,148.5601,337108,5min,USD,America/New_York,Common Stock
27-08-2021 15:00,148.5419,148.59869,148.46001,148.52,338978,5min,USD,America/New_York,Common Stock
27-08-2021 14:55,148.52499,148.567,148.5,148.545,229980,5min,USD,America/New_York,Common Stock
27-08-2021 14:50,148.6273,148.64,148.515,148.53999,270970,5min,USD,America/New_York,Common Stock
27-08-2021 14:45,148.6841,148.69881,148.56,148.62,274887,5min,USD,America/New_York,Common Stock
27-08-2021 14:40,148.63251,148.6972,148.625,148.6837,247145,5min,USD,America/New_York,Common Stock
27-08-2021 14:35,148.67999,148.7099,148.62,148.63049,318839,5min,USD,America/New_York,Common Stock
27-08-2021 14:30,148.645,148.67999,148.57001,148.67999,243344,5min,USD,America/New_York,Common Stock
27-08-2021 14:25,148.5491,148.66499,148.50439,148.645,267551,5min,USD,America/New_York,Common Stock
27-08-2021 14:20,148.6701,148.74001,148.50999,148.545,499301,5min,USD,America/New_York,Common Stock
27-08-2021 14:15,148.63,148.675,148.5401,148.675,275976,5min,USD,America/New_York,Common Stock
27-08-2021 14:10,148.66,148.66499,148.58501,148.63,281208,5min,USD,America/New_York,Common Stock
27-08-2021 14:05,148.58,148.67,148.55499,148.6627,237637,5min,USD,America/New_York,Common Stock
27-08-2021 14:00,148.6631,148.6714,148.53999,148.5699,405403,5min,USD,America/New_York,Common Stock
27-08-2021 13:55,148.655,148.705,148.63,148.67,245644,5min,USD,America/New_York,Common Stock
27-08-2021 13:50,148.66,148.67999,148.56,148.65269,260024,5min,USD,America/New_York,Common Stock
27-08-2021 13:45,148.66,148.6873,148.59,148.66,297144,5min,USD,America/New_York,Common Stock
27-08-2021 13:40,148.71001,148.75,148.64,148.66,378621,5min,USD,America/New_York,Common Stock
27-08-2021 13:35,148.63499,148.72,148.62151,148.71001,289469,5min,USD,America/New_York,Common Stock
27-08-2021 13:30,148.58,148.67,148.55,148.64,344484,5min,USD,America/New_York,Common Stock
27-08-2021 15:30,148.5316,148.67,148.39,148.60001,5303352,1hour,USD,America/New_York,Common Stock
27-08-2021 14:30,148.645,148.7099,148.46001,148.535,3654808,1hour,USD,America/New_York,Common Stock
27-08-2021 13:30,148.58,148.75,148.50439,148.645,3782462,1hour,USD,America/New_York,Common Stock
27-08-2021 12:30,148.185,148.71001,148.14999,148.58859,4170088,1hour,USD,America/New_York,Common Stock
27-08-2021 11:30,147.77499,148.63499,147.77499,148.19991,7617368,1hour,USD,America/New_York,Common Stock
27-08-2021 10:30,147.94,148.17999,147.48,147.787,7566385,1hour,USD,America/New_York,Common Stock
27-08-2021 09:30,147.38,148.42,146.83,147.94,16765048,1hour,USD,America/New_York,Common Stock
26-08-2021 15:30,147.72501,147.9579,147.52,147.53999,5121226,1hour,USD,America/New_York,Common Stock
26-08-2021 14:30,147.98,148.03999,147.50999,147.715,5043431,1hour,USD,America/New_York,Common Stock
26-08-2021 13:30,148.07001,148.285,147.83,147.9846,3840360,1hour,USD,America/New_York,Common Stock
26-08-2021 12:30,148.63499,148.6496,147.98,148.10001,3945683,1hour,USD,America/New_York,Common Stock
26-08-2021 11:30,148.19501,148.64999,147.92999,148.63499,5239341,1hour,USD,America/New_York,Common Stock
26-08-2021 10:30,147.91,148.35001,147.595,148.19501,7739973,1hour,USD,America/New_York,Common Stock
26-08-2021 09:30,148.3723,149.12,147.7301,147.8965,13886877,1hour,USD,America/New_York,Common Stock
25-08-2021 15:30,148.3701,148.75,148.34,148.37,5316598,1hour,USD,America/New_York,Common Stock
25-08-2021 14:30,148.03,148.42999,148,148.3705,5997637,1hour,USD,America/New_York,Common Stock
25-08-2021 13:30,148.035,148.10001,147.82001,148.035,4872191,1hour,USD,America/New_York,Common Stock
25-08-2021 12:30,148.2301,148.44,148.00999,148.03,5382157,1hour,USD,America/New_York,Common Stock
25-08-2021 11:30,148.5,148.548,148.07001,148.2397,5739624,1hour,USD,America/New_York,Common Stock
25-08-2021 10:30,148.63,148.735,148.1205,148.505,9910479,1hour,USD,America/New_York,Common Stock
25-08-2021 09:30,149.71291,150.32001,148.535,148.62019,15349352,1hour,USD,America/New_York,Common Stock
24-08-2021 15:30,149.7968,149.81,149.46001,149.61,1699711,1hour,USD,America/New_York,Common Stock
24-08-2021 14:30,149.52,149.905,149.5,149.8,3834719,1hour,USD,America/New_York,Common Stock
24-08-2021 13:30,149.61861,149.81,149.50011,149.52901,3273955,1hour,USD,America/New_York,Common Stock
24-08-2021 12:30,149.69,149.74001,149.48,149.61,3718083,1hour,USD,America/New_York,Common Stock
24-08-2021 11:30,149.48,149.95,149.3051,149.69031,6205099,1hour,USD,America/New_York,Common Stock
24-08-2021 10:30,150.45,150.505,149.44501,149.4801,7233293,1hour,USD,America/New_York,Common Stock
24-08-2021 09:30,149.4922,150.86,149.14999,150.4511,16863410,1hour,USD,America/New_York,Common Stock
23-08-2021 15:30,149.96069,150.08,149.58,149.59,3017092,1hour,USD,America/New_York,Common Stock
23-08-2021 14:30,149.88,150.17999,149.83,149.965,1309414,1hour,USD,America/New_York,Common Stock
